{"vegas": {"1": {"1": {"delay": 1503.226, "loss": 0.003282656413106988, "tput": 0.24914165106629257}, "all": {"delay": 1503.226, "loss": 0.003282656413106988, "tput": 0.24914165106629257}}}, "scream": {"1": {"1": {"delay": 1463.435, "loss": 0.0, "tput": 0.009801991645784318}, "all": {"delay": 1463.435, "loss": 0.0, "tput": 0.009801991645784318}}}, "cubic": {"1": {"1": {"delay": 8905.455, "loss": 0.21212427579038484, "tput": 0.5157453641028332}, "all": {"delay": 8905.455, "loss": 0.21212427579038484, "tput": 0.5157453641028332}}}}