{"vegas": {"1": {"1": {"delay": 1598.702, "loss": 0.016070383996468762, "tput": 0.25778568502233873}, "all": {"delay": 1598.702, "loss": 0.016070383996468762, "tput": 0.25778568502233873}}}, "scream": {"1": {"1": {"delay": 1583.896, "loss": 0.01723219771966955, "tput": 0.010100871353302985}, "all": {"delay": 1583.896, "loss": 0.01723219771966955, "tput": 0.010100871353302985}}}, "cubic": {"1": {"1": {"delay": 9017.529, "loss": 0.23958631429731325, "tput": 0.5131520107472738}, "all": {"delay": 9017.529, "loss": 0.23958631429731325, "tput": 0.5131520107472738}}}}