{"cubic": {"1": {"1": {"delay": 1993.652, "loss": 0.011170941743720353, "tput": 11.999261743018995}, "all": {"delay": 1993.652, "loss": 0.011170941743720353, "tput": 11.999261743018995}}}}