{"bbr": {"1": {"1": {"delay": 16.402, "loss": 0.00023365936603536586, "tput": 11.985383790545482}, "all": {"delay": 16.402, "loss": 0.00023365936603536586, "tput": 11.985383790545482}}}}