{"vegas": {"1": {"1": {"delay": 1503.574, "loss": 0.0031910005275787023, "tput": 0.25629969274060627}, "all": {"delay": 1503.574, "loss": 0.0031910005275787023, "tput": 0.25629969274060627}}}, "scream": {"1": {"1": {"delay": 1503.136, "loss": 0.0, "tput": 0.013512928631046587}, "all": {"delay": 1503.136, "loss": 0.0, "tput": 0.013512928631046587}}}, "cubic": {"1": {"1": {"delay": 1495.313, "loss": 0.08467942252397365, "tput": 0.3658294069164295}, "all": {"delay": 1495.313, "loss": 0.08467942252397365, "tput": 0.3658294069164295}}}}