{"vegas": {"1": {"1": {"delay": 4.815, "loss": 3.365401118793354e-05, "tput": 11.878269993474504}, "all": {"delay": 4.815, "loss": 3.365401118793354e-05, "tput": 11.878269993474504}}}}